-- MySQL dump 10.13  Distrib 5.5.28, for debian-linux-gnu (i686)
--
-- Host: localhost    Database: db-dreamteamb
-- ------------------------------------------------------
-- Server version	5.5.28-0ubuntu0.12.10.2

/*!40101 SET @OLD_CHARACTER_SET_CLIENT=@@CHARACTER_SET_CLIENT */;
/*!40101 SET @OLD_CHARACTER_SET_RESULTS=@@CHARACTER_SET_RESULTS */;
/*!40101 SET @OLD_COLLATION_CONNECTION=@@COLLATION_CONNECTION */;
/*!40101 SET NAMES utf8 */;
/*!40103 SET @OLD_TIME_ZONE=@@TIME_ZONE */;
/*!40103 SET TIME_ZONE='+00:00' */;
/*!40014 SET @OLD_UNIQUE_CHECKS=@@UNIQUE_CHECKS, UNIQUE_CHECKS=0 */;
/*!40014 SET @OLD_FOREIGN_KEY_CHECKS=@@FOREIGN_KEY_CHECKS, FOREIGN_KEY_CHECKS=0 */;
/*!40101 SET @OLD_SQL_MODE=@@SQL_MODE, SQL_MODE='NO_AUTO_VALUE_ON_ZERO' */;
/*!40111 SET @OLD_SQL_NOTES=@@SQL_NOTES, SQL_NOTES=0 */;

--
-- Current Database: `db-dreamteamb`
--

CREATE DATABASE /*!32312 IF NOT EXISTS*/ `db-dreamteamb` /*!40100 DEFAULT CHARACTER SET utf8 */;

USE `db-dreamteamb`;

--
-- Table structure for table `accesorios`
--

DROP TABLE IF EXISTS `accesorios`;
/*!40101 SET @saved_cs_client     = @@character_set_client */;
/*!40101 SET character_set_client = utf8 */;
CREATE TABLE `accesorios` (
  `id` int(11) NOT NULL AUTO_INCREMENT,
  `descripcion` varchar(45) NOT NULL,
  `costo` float NOT NULL,
  `tipo_accesorio_id` int(11) NOT NULL,
  `concesionario_vehiculos_id` int(11) NOT NULL,
  PRIMARY KEY (`id`),
  KEY `id_idx` (`tipo_accesorio_id`),
  KEY `fk_accesorios_concesionario_vehiculos1_idx` (`concesionario_vehiculos_id`)
) ENGINE=InnoDB DEFAULT CHARSET=utf8;
/*!40101 SET character_set_client = @saved_cs_client */;

--
-- Dumping data for table `accesorios`
--

LOCK TABLES `accesorios` WRITE;
/*!40000 ALTER TABLE `accesorios` DISABLE KEYS */;
/*!40000 ALTER TABLE `accesorios` ENABLE KEYS */;
UNLOCK TABLES;

--
-- Table structure for table `arbols`
--

DROP TABLE IF EXISTS `arbols`;
/*!40101 SET @saved_cs_client     = @@character_set_client */;
/*!40101 SET character_set_client = utf8 */;
CREATE TABLE `arbols` (
  `id` int(11) NOT NULL,
  `tipo` int(11) DEFAULT NULL,
  `texto` varchar(45) DEFAULT NULL,
  `vinculo` varchar(45) DEFAULT NULL,
  `padre_id` int(11) DEFAULT NULL,
  PRIMARY KEY (`id`)
) ENGINE=InnoDB DEFAULT CHARSET=utf8;
/*!40101 SET character_set_client = @saved_cs_client */;

--
-- Dumping data for table `arbols`
--

LOCK TABLES `arbols` WRITE;
/*!40000 ALTER TABLE `arbols` DISABLE KEYS */;
INSERT INTO `arbols` VALUES (1,1,'Registrar o Modificar Nuevos Vehiculos','',0),(2,1,'Listado de Pedidos por Concesionario','',0),(3,1,'Configurar Nuevo Indicador','',4),(4,1,'Portal Ejecutivo','',0),(10,3,'Registrar Planes de Servicios','',0),(11,3,'Estado de la Proforma','',0),(12,3,'Portal Ejecutivo','',0),(13,3,'Configurar nuevo Indicador','',12),(14,3,'Lista de Espera','',0),(16,4,'Lista de Espera','',0),(17,4,'Anular Pedido','',0),(18,4,'Galeria','',0),(19,4,'Proforma','',0),(20,4,'Comprar Vehiculo','',0),(28,5,'Registrar Marca','',0),(29,5,'Registrar Concesionario','',0),(30,5,'Registrar Ensambladora','',0),(31,5,'Lista de Espera de Pedido','',0),(32,5,'Listado de Concesionarios','',0),(33,5,'Listado de Ensambladoras','',0),(34,5,'Listado de Marcas','',0),(35,1,'Registrar Modelo de Vehiculo',NULL,0),(36,1,'Registrar Caracteristica de un Modelo','',0);
/*!40000 ALTER TABLE `arbols` ENABLE KEYS */;
UNLOCK TABLES;

--
-- Table structure for table `bancos`
--

DROP TABLE IF EXISTS `bancos`;
/*!40101 SET @saved_cs_client     = @@character_set_client */;
/*!40101 SET character_set_client = utf8 */;
CREATE TABLE `bancos` (
  `id` int(11) NOT NULL AUTO_INCREMENT,
  `rif` varchar(45) DEFAULT NULL,
  `nombre` varchar(45) DEFAULT NULL,
  `direccion` varchar(45) DEFAULT NULL,
  `telefono` varchar(45) DEFAULT NULL,
  PRIMARY KEY (`id`)
) ENGINE=InnoDB DEFAULT CHARSET=utf8;
/*!40101 SET character_set_client = @saved_cs_client */;

--
-- Dumping data for table `bancos`
--

LOCK TABLES `bancos` WRITE;
/*!40000 ALTER TABLE `bancos` DISABLE KEYS */;
/*!40000 ALTER TABLE `bancos` ENABLE KEYS */;
UNLOCK TABLES;

--
-- Table structure for table `bancos_comprador_vehiculos`
--

DROP TABLE IF EXISTS `bancos_comprador_vehiculos`;
/*!40101 SET @saved_cs_client     = @@character_set_client */;
/*!40101 SET character_set_client = utf8 */;
CREATE TABLE `bancos_comprador_vehiculos` (
  `bancos_id` int(11) NOT NULL,
  `comprador_vehiculos_id` int(11) NOT NULL,
  `nro_cuentas` varchar(45) DEFAULT NULL,
  PRIMARY KEY (`bancos_id`,`comprador_vehiculos_id`),
  KEY `fk_bancos_has_comprador_vehiculos_comprador_vehiculos1_idx` (`comprador_vehiculos_id`),
  KEY `fk_bancos_has_comprador_vehiculos_bancos1_idx` (`bancos_id`)
) ENGINE=InnoDB DEFAULT CHARSET=utf8;
/*!40101 SET character_set_client = @saved_cs_client */;

--
-- Dumping data for table `bancos_comprador_vehiculos`
--

LOCK TABLES `bancos_comprador_vehiculos` WRITE;
/*!40000 ALTER TABLE `bancos_comprador_vehiculos` DISABLE KEYS */;
/*!40000 ALTER TABLE `bancos_comprador_vehiculos` ENABLE KEYS */;
UNLOCK TABLES;

--
-- Table structure for table `bancos_concesionario_vehiculos`
--

DROP TABLE IF EXISTS `bancos_concesionario_vehiculos`;
/*!40101 SET @saved_cs_client     = @@character_set_client */;
/*!40101 SET character_set_client = utf8 */;
CREATE TABLE `bancos_concesionario_vehiculos` (
  `bancos_id` int(11) NOT NULL,
  `concesionario_vehiculos_id` int(11) NOT NULL,
  PRIMARY KEY (`bancos_id`,`concesionario_vehiculos_id`),
  KEY `fk_bancos_has_concesionario_vehiculos_concesionario_vehicul_idx` (`concesionario_vehiculos_id`),
  KEY `fk_bancos_has_concesionario_vehiculos_bancos1_idx` (`bancos_id`)
) ENGINE=InnoDB DEFAULT CHARSET=utf8;
/*!40101 SET character_set_client = @saved_cs_client */;

--
-- Dumping data for table `bancos_concesionario_vehiculos`
--

LOCK TABLES `bancos_concesionario_vehiculos` WRITE;
/*!40000 ALTER TABLE `bancos_concesionario_vehiculos` DISABLE KEYS */;
/*!40000 ALTER TABLE `bancos_concesionario_vehiculos` ENABLE KEYS */;
UNLOCK TABLES;

--
-- Table structure for table `caracteristicas`
--

DROP TABLE IF EXISTS `caracteristicas`;
/*!40101 SET @saved_cs_client     = @@character_set_client */;
/*!40101 SET character_set_client = utf8 */;
CREATE TABLE `caracteristicas` (
  `id` int(11) NOT NULL AUTO_INCREMENT,
  `nombre` varchar(45) DEFAULT NULL,
  `valor` varchar(45) DEFAULT NULL,
  PRIMARY KEY (`id`)
) ENGINE=InnoDB AUTO_INCREMENT=11 DEFAULT CHARSET=utf8;
/*!40101 SET character_set_client = @saved_cs_client */;

--
-- Dumping data for table `caracteristicas`
--

LOCK TABLES `caracteristicas` WRITE;
/*!40000 ALTER TABLE `caracteristicas` DISABLE KEYS */;
INSERT INTO `caracteristicas` VALUES (1,'Color','Color-Negro'),(2,'Color','Color-Blanco'),(3,'Color','Color-Plateado'),(4,'Color','Color-Rojo'),(5,'Color','Color-Azul'),(6,'Tapiceria','Tapiceria-Cuero'),(7,'Tapiceria','Tapiceria-Semi-Cuero'),(8,'Tapiceria','Tapiceria-Tela'),(9,'Trasmision','Trasmision Sincronico'),(10,'Trasmision','Trasmision Hidromatico');
/*!40000 ALTER TABLE `caracteristicas` ENABLE KEYS */;
UNLOCK TABLES;

--
-- Table structure for table `categorias`
--

DROP TABLE IF EXISTS `categorias`;
/*!40101 SET @saved_cs_client     = @@character_set_client */;
/*!40101 SET character_set_client = utf8 */;
CREATE TABLE `categorias` (
  `id_categoria` int(11) NOT NULL,
  `nombre` varchar(45) DEFAULT NULL,
  PRIMARY KEY (`id_categoria`)
) ENGINE=InnoDB DEFAULT CHARSET=utf8;
/*!40101 SET character_set_client = @saved_cs_client */;

--
-- Dumping data for table `categorias`
--

LOCK TABLES `categorias` WRITE;
/*!40000 ALTER TABLE `categorias` DISABLE KEYS */;
/*!40000 ALTER TABLE `categorias` ENABLE KEYS */;
UNLOCK TABLES;

--
-- Table structure for table `ciudads`
--

DROP TABLE IF EXISTS `ciudads`;
/*!40101 SET @saved_cs_client     = @@character_set_client */;
/*!40101 SET character_set_client = utf8 */;
CREATE TABLE `ciudads` (
  `id` int(11) NOT NULL AUTO_INCREMENT,
  `nombre` varchar(45) DEFAULT NULL,
  `estados_id` int(11) NOT NULL,
  PRIMARY KEY (`id`),
  KEY `fk_ciudad_estado1_idx` (`estados_id`)
) ENGINE=InnoDB AUTO_INCREMENT=8 DEFAULT CHARSET=utf8;
/*!40101 SET character_set_client = @saved_cs_client */;

--
-- Dumping data for table `ciudads`
--

LOCK TABLES `ciudads` WRITE;
/*!40000 ALTER TABLE `ciudads` DISABLE KEYS */;
INSERT INTO `ciudads` VALUES (1,'Carora',1),(2,'El Tocuyo',1),(3,'Quibor',1),(4,'Cabudare',1),(5,'San Felipe',2),(6,'Yaritagua',2),(7,'Nirgua',2);
/*!40000 ALTER TABLE `ciudads` ENABLE KEYS */;
UNLOCK TABLES;

--
-- Table structure for table `comprador_vehiculos`
--

DROP TABLE IF EXISTS `comprador_vehiculos`;
/*!40101 SET @saved_cs_client     = @@character_set_client */;
/*!40101 SET character_set_client = utf8 */;
CREATE TABLE `comprador_vehiculos` (
  `id` int(11) NOT NULL AUTO_INCREMENT,
  `cedula` varchar(45) DEFAULT NULL,
  `nombres` varchar(45) DEFAULT NULL,
  `apellidos` varchar(45) DEFAULT NULL,
  `telefono` varchar(45) DEFAULT NULL,
  `direccion` varchar(45) DEFAULT NULL,
  `correo` varchar(45) DEFAULT NULL,
  `fecha_nacimiento` date DEFAULT NULL,
  `sexo` varchar(45) DEFAULT NULL,
  `usuarios_id` int(11) NOT NULL,
  PRIMARY KEY (`id`),
  KEY `fk_comprador_vehiculos_usuarios1_idx` (`usuarios_id`)
) ENGINE=InnoDB AUTO_INCREMENT=2 DEFAULT CHARSET=utf8;
/*!40101 SET character_set_client = @saved_cs_client */;

--
-- Dumping data for table `comprador_vehiculos`
--

LOCK TABLES `comprador_vehiculos` WRITE;
/*!40000 ALTER TABLE `comprador_vehiculos` DISABLE KEYS */;
INSERT INTO `comprador_vehiculos` VALUES (1,'19618874','maria','paez','123456','carora','mandnd@gndhj.com','1990-01-24','femenino',1);
/*!40000 ALTER TABLE `comprador_vehiculos` ENABLE KEYS */;
UNLOCK TABLES;

--
-- Table structure for table `concesionario_vehiculos`
--

DROP TABLE IF EXISTS `concesionario_vehiculos`;
/*!40101 SET @saved_cs_client     = @@character_set_client */;
/*!40101 SET character_set_client = utf8 */;
CREATE TABLE `concesionario_vehiculos` (
  `id` int(11) NOT NULL AUTO_INCREMENT,
  `rif` varchar(45) DEFAULT NULL,
  `nombre` varchar(45) DEFAULT NULL,
  `direccion` varchar(45) DEFAULT NULL,
  `telefono` varchar(45) DEFAULT NULL,
  `correo` varchar(45) DEFAULT NULL,
  `latitud` varchar(45) DEFAULT NULL,
  `longitud` varchar(45) DEFAULT NULL,
  `ciudads_id` int(11) NOT NULL,
  `usuarios_id` int(11) NOT NULL,
  `marcas_id` int(11) NOT NULL,
  PRIMARY KEY (`id`),
  KEY `fk_concesionario_vehiculos_ciudad1_idx` (`ciudads_id`),
  KEY `fk_concesionario_vehiculos_usuarios1_idx` (`usuarios_id`),
  KEY `fk_concesionario_vehiculos_marcas1_idx` (`marcas_id`)
) ENGINE=InnoDB AUTO_INCREMENT=4 DEFAULT CHARSET=utf8;
/*!40101 SET character_set_client = @saved_cs_client */;

--
-- Dumping data for table `concesionario_vehiculos`
--

LOCK TABLES `concesionario_vehiculos` WRITE;
/*!40000 ALTER TABLE `concesionario_vehiculos` DISABLE KEYS */;
INSERT INTO `concesionario_vehiculos` VALUES (1,'L-123789','Concesionario Ford','Pedro Leon Torres con calle 54','0251-2456789','concesionarioford@gmail.com',NULL,NULL,1,5,1),(2,'N-456189','Concesionario Toyota','Calle 1300 con carrera 2000','0251-4569845','concesionariotoyota@gmail.com',NULL,NULL,4,6,4),(3,'T-8976','Concesionario Daewood','calle 300 entre carreras 90 y 91','0251-2345465','concesionariodaewood@gmail.com',NULL,NULL,5,9,2);
/*!40000 ALTER TABLE `concesionario_vehiculos` ENABLE KEYS */;
UNLOCK TABLES;

--
-- Table structure for table `detalle_vehiculos`
--

DROP TABLE IF EXISTS `detalle_vehiculos`;
/*!40101 SET @saved_cs_client     = @@character_set_client */;
/*!40101 SET character_set_client = utf8 */;
CREATE TABLE `detalle_vehiculos` (
  `id` int(11) NOT NULL AUTO_INCREMENT,
  `color` int(11) DEFAULT NULL,
  `transmision` int(11) DEFAULT NULL,
  `tapiceria` int(11) DEFAULT NULL,
  `modelo_vehiculos_id` int(11) NOT NULL,
  PRIMARY KEY (`id`),
  KEY `fk_detalle_vehiculos_modelo_vehiculos1_idx` (`modelo_vehiculos_id`)
) ENGINE=InnoDB DEFAULT CHARSET=utf8;
/*!40101 SET character_set_client = @saved_cs_client */;

--
-- Dumping data for table `detalle_vehiculos`
--

LOCK TABLES `detalle_vehiculos` WRITE;
/*!40000 ALTER TABLE `detalle_vehiculos` DISABLE KEYS */;
/*!40000 ALTER TABLE `detalle_vehiculos` ENABLE KEYS */;
UNLOCK TABLES;

--
-- Table structure for table `ensambladora_vehiculos`
--

DROP TABLE IF EXISTS `ensambladora_vehiculos`;
/*!40101 SET @saved_cs_client     = @@character_set_client */;
/*!40101 SET character_set_client = utf8 */;
CREATE TABLE `ensambladora_vehiculos` (
  `id` int(11) NOT NULL AUTO_INCREMENT,
  `nombre` varchar(45) DEFAULT NULL,
  `rif` varchar(45) DEFAULT NULL,
  `direccion` varchar(45) DEFAULT NULL,
  `telefono` varchar(45) DEFAULT NULL,
  `correo` varchar(45) DEFAULT NULL,
  `ciudads_id` int(11) NOT NULL,
  `usuarios_id` int(11) NOT NULL,
  `marcas_id` int(11) NOT NULL,
  PRIMARY KEY (`id`),
  KEY `fk_ensambladora_vehiculos_ciudad1_idx` (`ciudads_id`),
  KEY `fk_ensambladora_vehiculos_usuarios1_idx` (`usuarios_id`),
  KEY `fk_ensambladora_vehiculos_marcas1_idx` (`marcas_id`)
) ENGINE=InnoDB AUTO_INCREMENT=2 DEFAULT CHARSET=utf8;
/*!40101 SET character_set_client = @saved_cs_client */;

--
-- Dumping data for table `ensambladora_vehiculos`
--

LOCK TABLES `ensambladora_vehiculos` WRITE;
/*!40000 ALTER TABLE `ensambladora_vehiculos` DISABLE KEYS */;
INSERT INTO `ensambladora_vehiculos` VALUES (1,'Ensambladora Chevrolet','T-U896','Calle 53','0251-5674323','ensambladorachevrlet@gmail.com',6,10,6);
/*!40000 ALTER TABLE `ensambladora_vehiculos` ENABLE KEYS */;
UNLOCK TABLES;

--
-- Table structure for table `estados`
--

DROP TABLE IF EXISTS `estados`;
/*!40101 SET @saved_cs_client     = @@character_set_client */;
/*!40101 SET character_set_client = utf8 */;
CREATE TABLE `estados` (
  `id` int(11) NOT NULL AUTO_INCREMENT,
  `nombre` varchar(45) DEFAULT NULL,
  PRIMARY KEY (`id`)
) ENGINE=InnoDB AUTO_INCREMENT=6 DEFAULT CHARSET=utf8;
/*!40101 SET character_set_client = @saved_cs_client */;

--
-- Dumping data for table `estados`
--

LOCK TABLES `estados` WRITE;
/*!40000 ALTER TABLE `estados` DISABLE KEYS */;
INSERT INTO `estados` VALUES (1,'Lara'),(2,'Yaracuy'),(3,'Carabobo'),(4,'Zulia'),(5,'Trujullo');
/*!40000 ALTER TABLE `estados` ENABLE KEYS */;
UNLOCK TABLES;

--
-- Table structure for table `estados_indicadors`
--

DROP TABLE IF EXISTS `estados_indicadors`;
/*!40101 SET @saved_cs_client     = @@character_set_client */;
/*!40101 SET character_set_client = utf8 */;
CREATE TABLE `estados_indicadors` (
  `id_estado` int(11) NOT NULL,
  `nombre` varchar(45) DEFAULT NULL,
  PRIMARY KEY (`id_estado`)
) ENGINE=InnoDB DEFAULT CHARSET=utf8;
/*!40101 SET character_set_client = @saved_cs_client */;

--
-- Dumping data for table `estados_indicadors`
--

LOCK TABLES `estados_indicadors` WRITE;
/*!40000 ALTER TABLE `estados_indicadors` DISABLE KEYS */;
INSERT INTO `estados_indicadors` VALUES (1,'Activado'),(2,'Inactivo');
/*!40000 ALTER TABLE `estados_indicadors` ENABLE KEYS */;
UNLOCK TABLES;

--
-- Table structure for table `existencia_vehiculos`
--

DROP TABLE IF EXISTS `existencia_vehiculos`;
/*!40101 SET @saved_cs_client     = @@character_set_client */;
/*!40101 SET character_set_client = utf8 */;
CREATE TABLE `existencia_vehiculos` (
  `id_existencia` int(11) NOT NULL AUTO_INCREMENT,
  `cantidad` varchar(45) DEFAULT NULL,
  `modelo_vehiculos_id` int(11) NOT NULL,
  `concesionario_vehiculos_id` int(11) NOT NULL,
  PRIMARY KEY (`id_existencia`),
  KEY `fk_existencia_vehiculos_modelo_vehiculos1_idx` (`modelo_vehiculos_id`),
  KEY `fk_existencia_vehiculos_concesionario_vehiculos1_idx` (`concesionario_vehiculos_id`)
) ENGINE=InnoDB DEFAULT CHARSET=utf8;
/*!40101 SET character_set_client = @saved_cs_client */;

--
-- Dumping data for table `existencia_vehiculos`
--

LOCK TABLES `existencia_vehiculos` WRITE;
/*!40000 ALTER TABLE `existencia_vehiculos` DISABLE KEYS */;
/*!40000 ALTER TABLE `existencia_vehiculos` ENABLE KEYS */;
UNLOCK TABLES;

--
-- Table structure for table `factura_accesorios`
--

DROP TABLE IF EXISTS `factura_accesorios`;
/*!40101 SET @saved_cs_client     = @@character_set_client */;
/*!40101 SET character_set_client = utf8 */;
CREATE TABLE `factura_accesorios` (
  `id` int(11) NOT NULL AUTO_INCREMENT,
  `comprador_vehiculos_id` int(11) NOT NULL,
  `vehiculo_accesorios_id` int(11) NOT NULL,
  `iva` float NOT NULL,
  `formas_pagos_id` int(11) NOT NULL,
  `subtotal` double DEFAULT NULL,
  `total` double DEFAULT NULL,
  PRIMARY KEY (`id`),
  KEY `fk_factura_accesorios_vehiculo_accesorios_idx` (`vehiculo_accesorios_id`),
  KEY `fk_factura_accesorios_formas_pagos2_idx` (`formas_pagos_id`),
  KEY `fk_factura_accesorios_comprador_vehiculos1_idx` (`comprador_vehiculos_id`)
) ENGINE=InnoDB DEFAULT CHARSET=utf8;
/*!40101 SET character_set_client = @saved_cs_client */;

--
-- Dumping data for table `factura_accesorios`
--

LOCK TABLES `factura_accesorios` WRITE;
/*!40000 ALTER TABLE `factura_accesorios` DISABLE KEYS */;
/*!40000 ALTER TABLE `factura_accesorios` ENABLE KEYS */;
UNLOCK TABLES;

--
-- Table structure for table `factura_servicios`
--

DROP TABLE IF EXISTS `factura_servicios`;
/*!40101 SET @saved_cs_client     = @@character_set_client */;
/*!40101 SET character_set_client = utf8 */;
CREATE TABLE `factura_servicios` (
  `id` int(11) NOT NULL AUTO_INCREMENT,
  `iva` float DEFAULT NULL,
  `plan_servicios_id` int(11) NOT NULL,
  `comprador_vehiculos_id` int(11) NOT NULL,
  `bancos_id` int(11) NOT NULL,
  `formas_pagos_id` int(11) NOT NULL,
  `subtotal` double DEFAULT NULL,
  `total` double DEFAULT NULL,
  PRIMARY KEY (`id`),
  KEY `fk_factura_servicios_plan_servicios1_idx` (`plan_servicios_id`),
  KEY `fk_factura_servicios_comprador_vehiculos1_idx` (`comprador_vehiculos_id`),
  KEY `fk_factura_servicios_bancos1_idx` (`bancos_id`),
  KEY `fk_factura_servicios_formas_pagos1_idx` (`formas_pagos_id`)
) ENGINE=InnoDB DEFAULT CHARSET=utf8;
/*!40101 SET character_set_client = @saved_cs_client */;

--
-- Dumping data for table `factura_servicios`
--

LOCK TABLES `factura_servicios` WRITE;
/*!40000 ALTER TABLE `factura_servicios` DISABLE KEYS */;
/*!40000 ALTER TABLE `factura_servicios` ENABLE KEYS */;
UNLOCK TABLES;

--
-- Table structure for table `facturas`
--

DROP TABLE IF EXISTS `facturas`;
/*!40101 SET @saved_cs_client     = @@character_set_client */;
/*!40101 SET character_set_client = utf8 */;
CREATE TABLE `facturas` (
  `id` int(11) NOT NULL AUTO_INCREMENT,
  `fecha` date NOT NULL,
  `solicitud_vehiculos_id` int(11) NOT NULL,
  `iva` float NOT NULL,
  `subtotal` double DEFAULT NULL,
  `total` double DEFAULT NULL,
  `vehiculos_id` int(11) NOT NULL,
  PRIMARY KEY (`id`),
  KEY `fk_facturas_solicitud_vehiculos1_idx` (`solicitud_vehiculos_id`)
) ENGINE=InnoDB DEFAULT CHARSET=utf8;
/*!40101 SET character_set_client = @saved_cs_client */;

--
-- Dumping data for table `facturas`
--

LOCK TABLES `facturas` WRITE;
/*!40000 ALTER TABLE `facturas` DISABLE KEYS */;
/*!40000 ALTER TABLE `facturas` ENABLE KEYS */;
UNLOCK TABLES;

--
-- Table structure for table `formas_pagos`
--

DROP TABLE IF EXISTS `formas_pagos`;
/*!40101 SET @saved_cs_client     = @@character_set_client */;
/*!40101 SET character_set_client = utf8 */;
CREATE TABLE `formas_pagos` (
  `id` int(11) NOT NULL AUTO_INCREMENT,
  `descripcion` varchar(45) DEFAULT NULL,
  PRIMARY KEY (`id`)
) ENGINE=InnoDB DEFAULT CHARSET=utf8;
/*!40101 SET character_set_client = @saved_cs_client */;

--
-- Dumping data for table `formas_pagos`
--

LOCK TABLES `formas_pagos` WRITE;
/*!40000 ALTER TABLE `formas_pagos` DISABLE KEYS */;
/*!40000 ALTER TABLE `formas_pagos` ENABLE KEYS */;
UNLOCK TABLES;

--
-- Table structure for table `frecuencia_notificacions`
--

DROP TABLE IF EXISTS `frecuencia_notificacions`;
/*!40101 SET @saved_cs_client     = @@character_set_client */;
/*!40101 SET character_set_client = utf8 */;
CREATE TABLE `frecuencia_notificacions` (
  `id` int(11) NOT NULL,
  `nombre` varchar(45) DEFAULT NULL,
  PRIMARY KEY (`id`)
) ENGINE=InnoDB DEFAULT CHARSET=utf8;
/*!40101 SET character_set_client = @saved_cs_client */;

--
-- Dumping data for table `frecuencia_notificacions`
--

LOCK TABLES `frecuencia_notificacions` WRITE;
/*!40000 ALTER TABLE `frecuencia_notificacions` DISABLE KEYS */;
INSERT INTO `frecuencia_notificacions` VALUES (1,'Diaria'),(2,'Semanal'),(3,'Mensual'),(4,'Anual');
/*!40000 ALTER TABLE `frecuencia_notificacions` ENABLE KEYS */;
UNLOCK TABLES;

--
-- Table structure for table `garantia_vehiculos`
--

DROP TABLE IF EXISTS `garantia_vehiculos`;
/*!40101 SET @saved_cs_client     = @@character_set_client */;
/*!40101 SET character_set_client = utf8 */;
CREATE TABLE `garantia_vehiculos` (
  `id` int(11) NOT NULL AUTO_INCREMENT,
  `fecha_emision` date DEFAULT NULL,
  `fecha_vencimiento` date DEFAULT NULL,
  `cobertura` varchar(45) DEFAULT NULL,
  `vehiculos_id` int(11) NOT NULL,
  PRIMARY KEY (`id`),
  KEY `fk_garantia_vehiculos_vehiculos1_idx` (`vehiculos_id`)
) ENGINE=InnoDB DEFAULT CHARSET=utf8;
/*!40101 SET character_set_client = @saved_cs_client */;

--
-- Dumping data for table `garantia_vehiculos`
--

LOCK TABLES `garantia_vehiculos` WRITE;
/*!40000 ALTER TABLE `garantia_vehiculos` DISABLE KEYS */;
/*!40000 ALTER TABLE `garantia_vehiculos` ENABLE KEYS */;
UNLOCK TABLES;

--
-- Table structure for table `indicadors`
--

DROP TABLE IF EXISTS `indicadors`;
/*!40101 SET @saved_cs_client     = @@character_set_client */;
/*!40101 SET character_set_client = utf8 */;
CREATE TABLE `indicadors` (
  `id` int(10) NOT NULL,
  `nombre` varchar(100) DEFAULT NULL,
  `descripcion` varchar(255) DEFAULT NULL,
  `funcion` int(10) DEFAULT NULL,
  PRIMARY KEY (`id`)
) ENGINE=InnoDB DEFAULT CHARSET=utf8;
/*!40101 SET character_set_client = @saved_cs_client */;

--
-- Dumping data for table `indicadors`
--

LOCK TABLES `indicadors` WRITE;
/*!40000 ALTER TABLE `indicadors` DISABLE KEYS */;
INSERT INTO `indicadors` VALUES (1,'Numero de Vehiculos Vendidos',NULL,NULL),(2,'Promedio de Vehiculos Vendidos',NULL,NULL);
/*!40000 ALTER TABLE `indicadors` ENABLE KEYS */;
UNLOCK TABLES;

--
-- Table structure for table `marcas`
--

DROP TABLE IF EXISTS `marcas`;
/*!40101 SET @saved_cs_client     = @@character_set_client */;
/*!40101 SET character_set_client = utf8 */;
CREATE TABLE `marcas` (
  `id` int(11) NOT NULL AUTO_INCREMENT,
  `nombre` varchar(45) DEFAULT NULL,
  `imagen` longblob,
  `mision` text,
  `imagen1` char(100) DEFAULT NULL,
  `vision` text,
  `valores` text,
  `contacto` text,
  PRIMARY KEY (`id`)
) ENGINE=InnoDB AUTO_INCREMENT=6 DEFAULT CHARSET=utf8;
/*!40101 SET character_set_client = @saved_cs_client */;

--
-- Dumping data for table `marcas`
--

LOCK TABLES `marcas` WRITE;
/*!40000 ALTER TABLE `marcas` DISABLE KEYS */;
INSERT INTO `marcas` VALUES (1,'Toyota',NULL,'Letras Letras letras',NULL,'Letras Letras letras','Letras Letras letras','Letras Letras letras'),(2,'Daewood',NULL,'Letras Letras letras',NULL,'Letras Letras letras','Letras Letras letras','Letras Letras letras'),(3,'Ford',NULL,'Letras Letras letras',NULL,'Letras Letras letras','Letras Letras letras','Letras Letras letras'),(4,'Chevrolet',NULL,'Letras',NULL,'Letras','Letras','Letras'),(5,'Jeep','C:\\fakepath\\stccargo2.jpg','La mejor',NULL,'LA MEJO','la mejond','kadksdok');
/*!40000 ALTER TABLE `marcas` ENABLE KEYS */;
UNLOCK TABLES;

--
-- Table structure for table `modelo_caracteristicas`
--

DROP TABLE IF EXISTS `modelo_caracteristicas`;
/*!40101 SET @saved_cs_client     = @@character_set_client */;
/*!40101 SET character_set_client = utf8 */;
CREATE TABLE `modelo_caracteristicas` (
  `caracteristicas_id` int(11) NOT NULL,
  `modelo_vehiculos_id` int(11) NOT NULL,
  `ensambladora_vehiculos_id` int(11) NOT NULL,
  KEY `fk_modelo_caracteristicas_caracteristicas1_idx` (`caracteristicas_id`),
  KEY `fk_modelo_caracteristicas_modelo_vehiculos1_idx` (`modelo_vehiculos_id`),
  KEY `fk_modelo_caracteristicas_ensambladora_vehiculos1_idx` (`ensambladora_vehiculos_id`)
) ENGINE=InnoDB DEFAULT CHARSET=utf8;
/*!40101 SET character_set_client = @saved_cs_client */;

--
-- Dumping data for table `modelo_caracteristicas`
--

LOCK TABLES `modelo_caracteristicas` WRITE;
/*!40000 ALTER TABLE `modelo_caracteristicas` DISABLE KEYS */;
INSERT INTO `modelo_caracteristicas` VALUES (7,1,1),(9,1,1),(7,1,1),(10,3,1);
/*!40000 ALTER TABLE `modelo_caracteristicas` ENABLE KEYS */;
UNLOCK TABLES;

--
-- Table structure for table `modelo_vehiculos`
--

DROP TABLE IF EXISTS `modelo_vehiculos`;
/*!40101 SET @saved_cs_client     = @@character_set_client */;
/*!40101 SET character_set_client = utf8 */;
CREATE TABLE `modelo_vehiculos` (
  `id` int(11) NOT NULL AUTO_INCREMENT,
  `descripcion` varchar(45) DEFAULT NULL,
  `ano_m` varchar(45) DEFAULT NULL,
  `marcas_id` int(11) NOT NULL,
  `tipo_vehiculos_id` int(11) NOT NULL,
  `imagen1` longblob,
  `imagen2` longblob,
  `imagen3` char(100) DEFAULT NULL,
  `imgen5` char(100) DEFAULT NULL,
  PRIMARY KEY (`id`),
  KEY `fk_modelo_vehiculos_marcas1_idx` (`marcas_id`),
  KEY `fk_modelo_vehiculos_tipo_vehiculos1_idx` (`tipo_vehiculos_id`)
) ENGINE=InnoDB AUTO_INCREMENT=4 DEFAULT CHARSET=utf8;
/*!40101 SET character_set_client = @saved_cs_client */;

--
-- Dumping data for table `modelo_vehiculos`
--

LOCK TABLES `modelo_vehiculos` WRITE;
/*!40000 ALTER TABLE `modelo_vehiculos` DISABLE KEYS */;
INSERT INTO `modelo_vehiculos` VALUES (1,'Ford 4x4 fortaleza','2010',3,1,NULL,NULL,NULL,NULL),(2,'qwer bnm','2007',4,2,'\0JFIF\0\0\0\0\0\0\0\0	\Z\Z\Z& #/ #(),,,151*5&+,)	\n\n\Z\Z,$$,),,,,,,,),,),,),,,),,,,,),,,,),,),,,,,,,,,,),,,,,\0\06\"\0\0\0\0\0\0\0\0\0\0\0\0\0\0\0\0P\0\n\0\0!\01AQ\"aq2B#RCSbr3D$T%4cd\0\0\0\0\0\0\0\0\0\0\0\0\0\0\0\0 \0\0\0\0\0\0\0\0!1AQ\"a\0\0\0?\0iǺqOok9#>ײ|01LQO*9ZƇ%YzL~\'\0_<l)㝷j|ODƇ@oaE,n)cm-$>5\0xg\'OUܣ\0u!KX;3ebFǜC-<6\0*yaJ\\2~/k\nXR>Gh}/婏J4\0k\nXF8;{KGJ4?mDцNc?~ܸcz\Z1qv:wDk4wOzZGG3=4v1\\֩,DuT>ߞ\ZbE[\n<f\0^\0>n;3eE|_BU6QD&*ci|ϳޙCze\\Pͬ$6P߁:6	16<#Q@\03RAD˧g葘 \'X9|GYAiB--A s<a<o}ZyG՞G͕0yL_O=W2U)@i\'\0}[*>3u\ZUw<&Q\rM<Q\"j&*=\"aB\\/4j\0ٟl_GӣZtT$	/[ڎߎ!E[4{\"5AI3mq\0\0bZ|NH3w7&L+u?W$V%nd{ު1ןH}\\\0?+3(UZ,zVbA1yɎ{WӔK2O\0S7,`cنk\0OxaJ8X4唬}]Xoa&=WM2RVc&cýs }_\0K3\0.-12٪!Rniu\"\"~{|:?<_WؖdQ*~cv}RI^q>p:x5vm<eΖeRc=#g];I*SA̺PbE^HO\r[Pu4(,^d\\-h<zT$f\0P@c&`\r;+TTo-4TZdC	:R;qg\Z*pSIm&>8=Q3:NH0A73`t\0qlN6?mBX>VoهzU^u:k}Kai8:YN\n`9~Q_fM)S\'*r+R&s.ᙜ!V!֪좟gZ.<vX#jJ	V8=T:tWmF9Q\\/?\n\0[*xx^$Qr\r	3x=C-N@+ix1*TZyJ*rlԓ\\8q??fl\nѢ\"[{KffZT^Yi#sF-\\SQAP#X<uiٍݨW8vR֨E\npo;Cr%Ա(49_L`Tu=%\Z\nk~wĊ\0H\0])E7,54nbQ#7:UWUGTVToy>dq\'i?$F3ڎGO$g8:Hύ4Mߖ=\0 `\n}1i0F13\ZS;FThI~x빾JaUhf	YU:#a5>qc\ZVFt\rF4\0q:?E0ZҭT9~.=]*lAW)\niT\Z]A^@{*i%ȡ)c\"t$A+\'gYn14 QTbR0Wyn\"x-s^J.-:T4N``UuDţHXbl\rf;E1ުfqkJNX_P5*6Fm\":Fnjk;Q\04#h˦$UǸ<<r/bk=35E?#*Rj%@a\"2qJڹw$,eT1xdVTJjOX3omYƚb]\'\'5qBhѥMuf[nOxtUSˣGz*3E\"@Z|*uԫSLS/瞺fhj0t;i@TP\0\"\"	S1Qevk@jtsy553c-T\nkIɫJh&	fA;*wʔ(S&T@RLA@ pнFU\r 9?x?Ps\0H^:\Z餱L	_>\nA\rVOz?ߏsLdzX\0\0	!}_EiqY!IPlpK\0V?ΊbϗUJ{\r:=0	F87;U\Zj\0>*IwmgcP\0W^W\0ك+1NUmU@[X\0Ig5~8\";s,L5=\0*PQ \0`(s):ij,c07͊t-!i$fAǜ{MF֮P,B:7\0	>bH+$D,H$lz>rGJ\r<..<8&[^S$VQ}4q3W\'f42C5$\0^9MSJҊ\"6T,YINvu-Jk^f0Tk\"nd>[zO ifjf2@aҎOx{\\;<I,$RL3nn.)H8i%\0z9lNW\"xGcsٺBXTZHaMc\'\Z!UuO_\'3VU\'QE>x={WoaU}7Ң0ڟF|٦ځWX\rXrQYӍR\r&`,lS_{R}\"7!~r[j2=cU*1DNS*\0Z@GRFNȲJԡUy!@=*#,GZ.hH9\r-.9EN}aVG:\rE2#U\ZOk$t*=zIWf``.*ЦZi(4#m~]uͯQ&eR~#WSת)\\eUYPUF.A6RSKTRWA`!!}bVɾ!M<;U%\ZGvr{Hts9ur4Gy#bu0PH\nw&RS#F?ٶwy>*iݿYLB9~{w<Oݝ?ZIc3i2[6b\"\"|f\'%j	ϖ52VPi!T\0Nblj|J)Y4;B/L <)kx\"jAn0ovp\\6^FEkԑ94ޚ\\$Ҧߩh/x^\rEViNc}[v_z\\x>t^?y´4Uѓc.%M(BdjBb-R\"oiYn\ZbwT8a	~q ǝ.E{3i3$&gbn.,wYܣ0CZ!M >XwʐVU\'ֿ#$&H7kf!iY;1U\0@hc*S\0XgI\nbz}rvwOE\0F\'ԞB`aE_,s5)ʂ&~f;m~k$?\"?vF߯$Mnl\Z=:ؑц [kE\Z)PeQibC)3\\H2Ty1`[Nxi)Tl4HbNN(LOM,j\ZZ@򿟦vL.dO[mc\n6gH]O0C#YŷΝ@U	o*K`GRK:r$\0\\u2LM\";L5*tSΖ|Ȼ2irSVn\"Bol0]V\"JkT1.S\'@\rcZd2m7fƿrIU[<#ۋvm3TjA҉Mjl0L3)֬GT9?//Y`Px䙖jJDo>	7Ƴ~UZqP6keR> 3djtڿi;\ZZ Mjo)t\'vDRl\0zbO^Nem%W~|q|5!YliϴLɯP>\Zanci??Ϊ?GG(&r`G<B\"3	I|Z_I}@	\\\'āQ8/rɤVl =b}yl($3B(` JӪO&0ހ~\\2ZЧJKKQCbImf(g<PM]:Mĩ?_K,qGQ~A X8k7V#j4O|t-R*,9,l*Lqsp$)?3$k޾$sƤM(DPL0fÞ&Z]rMf\rCC`dT`1j\nbV&@*5X63~\"S\'ON(KLmI\0\"ר<1GW\nJ{j,&њfRX=+O(&\0ˡ&~\Zf	\"CτHͤڔt_>Beh.6e	C	VUjT/֝+CSj]-}+(༇h:	ԖL7N/1LLfbz3峋Qd 1H\"\" F3Y\"_B\0Iy\0M߄X鑤Va\r&gLHTU*V,*8!&?bFXVCB#Du+[Br	ئZNO0$v>{Jg\0ˋ6mϻ\0aV\0XL3c+mxda`(ݎċ^1dzRdN\0Tq/s\\O-L^ *A<ȎS,@\0O`&`lumr6\"=#1X]X|L7SXsi|^6@h=zY+eBo~ryoפ\0\"\'_Ag}H6\0|wpd/$\0qۤȶ\Z!`fa5%:\\[M3m^Cp5Q)uj!w$,x)\n`\"*5	 X[QhCAlbb_Q9ribIsl&\"cm3(jQQԵ\".\Zd9:ah/_2Z=4va\rce[\\]_z9:WZa1gE)S`Kը\r5t@FٯzZġg6\n7L05}\'Z#}aj,+*환cQ\'`\0xg5*&j6\0N\0\\\0j\\`sȖxCAF>D8<CG/9j\nԲ|>xBԮϼmg:\'_}Ijn/\0Ԥ|9w?K7USgejӐAƓo?&}j*x$C}\":dPnQJjO3RcLf*=,4*H>0Yv3a)N䃿P53+\0gzj*p?\05WΰaU~m彠fkZ5J\\jb@xr5/},ŴVjFV%B@\r˩y(೧iQ}&l?1{L\'33PJ-\0NӨ䉝TSG!ԜCU+M2˘/Rh$t93f]<TݓsQSF8M?fRrկ\0iƍ6N	1;Wh}VZB /LN.=JJo4VeH|3UQpu*3j|Ѳ*u\\.MӬ76CqӦ&K>,6\ZV}V.\'\\H8{LDbH2:L~x;e$Ǎ[F1ftEL㟹;=\"STm24c&-㞶<Myʕ[34Szcv}@<\rdQ!g+{	qLՏ9ۊuƪz8V-%N#a6s?I+Y\ZXYFq&I\r2I??iGpsC>b>eLÐSoS$ ͸fd6܌qȪi<T[x7i+&\0j_(fe~Qd`4ȴ\06$GN):-,Wm\00a?vTN幰7#\\ qyQ/,xmm.1+![`A\0x\0m8+QO}M_O%WR\"}<[O;O*ay<M_5\\,L-͆?ߔ=yݏ̃I\r#$T|ZoSP\0a1Uc $;0F0j\\u0͠\\apaM\"9Q)<#J\r\rXtƂ$umw$4$0v``h;cp u\\6D/-n/\0VΑ\Z@l-	b4V@0ˋh\Zqx݈ n@u0o lmr*jbO ہ*Qbݛ㔛,AmBA1ȘhJH\r! *X\"N4cxϖ\rSK4xm\\Lce<H^>[7tUL5ҪFx\"[6f{6 Whk\0[IG6Z!aA	QD\0G8gAH{][*S\rzo>]$X\\qNdFA\'`ƫO8;~-NΠlS@ 9䒳8N)\\aUYҨAԅbGmL9\0UdgZJh<|ݜẕO|IZdU\0ASy\ZUv^Tթ0Mj3`vm#V:*Mr`hLcI{Ο\rJ)$bTc=|,7yPԘUR\'SS[r\"ŞN+]Jgu[\nTV*L$JB;$۞7P\"6ԥ40$I\'5jfh?8;-<<\'f\0ŦnZNj6I7<yt\"f\nя-I3hUE3~81{Lhc5pI+1˞z(	fhn<<4̡{\\I_sÕ\0X!(\0GTZyNQ)7b|eՓwܧL\"ZMy:?Uzr*h:\"\'rq,5r,Z9cjK+MED\0o\06#)sY_/Aꥈ}$,_~Jb/\\F:֚OUmi\0\0Xsvzhu)\0sk:A!fan\'T42h!3c^\0	5*vx\"޿oUy8bĈ@<ȋnuǵYG: \r֋_FȆduƨH0䴈R?/\r̟w:+ZRLAor= dz`lmq36w$+yqa;8\Zj~Ca6<3oS>{y6:7\0;\0´\n)o vōVV\nόq7;|P˛D3/\'c$i*1^@ŢđȚF!	3ºi, E`>ፆqB)\'¢56t3@Hf#ù3Zz};LJ1sl4v4Ź\"ϟn#SS^N_]#P,lHQ܂rƜC>$le\0ͭxΥ@SP$Sr:b\"ǟ<xZX\r̝n~-ĔRe:k\r;Vg=.$\ZeGYNQ4Ϩ~_,iN	qJ7?\\y[ѵ~sjLNurQw#i-f#H;ZA3q^!!Gr7$p}co>Ǩ&4!LM:#m9A粊Hv`-R&ǧ(ª $r`y~mX۔y\\M0`Y#@Pd_x1;O38ió2g6bt8&aȁ$ɛ\\zA>QetiҪK>2A 1PP%fT$HF4ep;UשU,oSxu9\Z9dt7\\\\xOnr4--5ZŃ\0D[γ*)WƜYB\ZJ\06{,,т%Ji+ML`L5~e\0ņڊ[\"qOш\0 \n3o%~|]Yfiy\0oE{b*UQ!QGR6p0%4GMuTƒ`sCzi\rLu.hovaT;͍梏n7YVkfALcQ:lR\04ٍ1Uâۜ\0@:nyta)/O\'oRZ@IAh\'1P#X\0,	jud*>o{VL3Q\'Au{WuK2Ff!aI?^E*\\~v\0;RVb	ө9qz~zw\0ij#&R6T^s2Aae؅1bf`<)S]l|p	f%&a_PT ۬813b|d;CFH-BЊIDJ+{	S8+@%Mب2cc6q6[9MiŦğGM6W5Vul-	\"ouy`SknyawZ\"DLw v޶}T1o\0[r7;I6\0\"F\Z\'L$Xȃ`ZF!@(&neAmDEUs\ZA׃vgDM|H#D/V<ɛ6o¬ڀ.nDiN0o4bA\0@qu`*/6D8!;J6gq$L&&aU,#)DX~y-̸:I;\\ͩ*Z%Xv\"0)E%`b\"cXfa\'Ji-Ac2ȌfK?qJ\"\026(\ZVˣQ&QPuU{o8rccTv7.p`wT0;I&62@\Zuh:i:D\n4;?*bA r&Ð0֣gpU$\"RgIB$L\\ˈ+hb	cW[\\vU\nqX@-9,ڰ[qaE!*	Y\0)\\D*mi\r7aܷ\"p8JRL(l\'bhB0C%5_TZ/\ZK1w<[gՆV6.i>=ERd> <I8P, \\0VYrv FmE^W:\rPjh&,\rs)Px\\Xyj&ȾI/1Ɉqx=q]kVy,PHNb~,\0ʴ7$H	`\'	L$FA=p9\\)`o~Gk1ZfZUK(eRa3\ZH@G9񦤎ZiM-i(&C}J2d\'FOx\" \0if\"ۮ)\\ǲ	HhU+x:8i`HEcBpH#sPA:Uy~S8]\0& rnyt7sS+e˝mD@BF9Z!rĳJ1\nAS9ܒ+T(,ir	 	7\Z6$l	Wu@5Dc&#Zr	L354hxn{cV`HE5_Ot[	-GǧُULyOsͷV3~X~\\\'\0wzAr:m6l+:E`c%ɫTٚ\rLx\ZO\0~er\\am@`D-AB0FcT\"`4Xu$yrUb@b %z=\\5#ٽ%XjW+mÀ#Hdfb\rԃT%^	%L}0@\n+6\ZZ\raLɦ04Ѻ,\"faćeũK& `cN\'PBGW0\rN8C[2E	ۨqXf) FpgƩ\nD3Md۲d-3@jA:ȱ2w\0f2|B`<L+fldZMlC[0&fDAVg큋Le3L-Thܝo#ٶ&\ro#jŶf:z}T\\؉bJ	okmafz\0,f#A;HY.BI{itu	[|qOť	-MV|\n_Z%N\0d)I Șy3=o$\\rę,I0̿iڐUfSH\001I,;}$D҅N-qcʓifp\rSiC5\Z趆3Ј8,#j*)Dզ^|f<vX$1Ixf+T5m/Tɂ lșYif(Z&&E|rUus뉟j>V	X\0<\'A)l{MxX0,o#G/x^MᝥMY\Z2e&\"=97Z,AD\r$X6\0Xχ7g\nuڦ\rIs${+;jPSbHPAgMe.0	LLgmG1q>,\ZcGi3LxHz\\&oLMΤ=A\0l9tQʾm@m֙cCn$s7$_!16*S!H3B`;p&-\'ɖQ,\r`(2uY@#Ϡ?Ґ:\'⛬.ß) \rm)s&\'mVn\06\'e6<{^Y˴97c{<?I*F\ZAP	|莚!Z@,L\\|.dL$^9\0o \Z=.}q,\0\rWu/1Az؋cTr6||Vh-`0\Z@r7)GHҵ0:op2/qF2: mc7;u\n6SɃ{s Ki|H`#6d۝˖wzpxyk2OMbdXn)Rmq&aU၊wh!J0b\'k{;ca5J\0-\"\0,W=gNwfb\0]B鲖\rA&-s^ ӴXs1椕\0v9z`ӪVC@ńmn nQ &,{mz\0]o+uĔis|mqzIۤ.3Waa{7,^z\0<j̏\rV$o#5A>m71BǝݶMjTyFh0ҥOS1820GI,&|,ڜ[	|֫$/\'#șŏåƤFk 8ӨHk?#F`z66*\rm~[+Ҡɵ`T[b\'x~}2I\0߀,}w`wA7_<YZ\r$Om2kRJM7dx>-Ոo#NO-\nB&M;MP<N(qq}ɰd\rfNw/|juPGWA\n2H`A1\"&Lo]s\r^+(BĘQ)0XɈVU\'Ťߜ)xgPb,:G9hg4k*ȕ\Znر<;T{PSSVr\rR$I>MUn;uL0cQA\ZZ$m{viK/$9cO6m+21e4u$\0hyjA\0zOWI\Z&-xXe̽/yJ0ZפjINߐ$Cn`+a,<Ƹ-WLT`uCxd$/$\09ܩaO5P\"ƚeS ́=<#!|?Ƿ@is߱-||/ϗM|{MͶb5^Kxw]̲F]V\Z	]<IoL|~eo¼aꍐ&\0Xf$ x+1vܨ؝B`om󡱙ȸRY Nż1&6t\n9B@\"-pLEX*T\ZXѬK=Cy	7亾GՁEB-16&7ƒ&ЕstR y5Ff<ya~S8jetb/si&7üF|\ZmTc!@Td\r\"=&92-	9[[o;k&`=g8M	T<&G(#}YJ%/33MGrnP`/lkZ!:EKmGQ?/\Z$@3\r\"\0/7AS.9j3~cϔt5O4PJ@}@đ-\'Ri\n(=3\0 @ck[;wPL79|㪟ٮ9AƕW3وF6|p\'OE_4HlkR\rϜ&eܤ\Z!ߏ\\GMjc0\0\0culī3\Zic0; pd=f1\0WeM/,f383]?OX1V`n\0V޷Ǹ SZ* hY1_ilpӁ\"\0\r}3KS7nCQ(:`>稩2XӘ\ZH yf!c9sT,EF\0ia*(Y@٩>f\0M,A1	@x\0`\0>Cڕ35vL3\'Ny_*{Z~_r+(ۗqRX7o;PL\\8PDoqdʂy\0~gR\0`cf\0,}%sboӟ&gTNW\\`Ha SVg7aM8=q2IHWCFޘf3\0',NULL,NULL,NULL),(3,'chevrolet 4x4 ','2009',1,1,'\0JFIF\0\0\0\0\0\0\0\0	\'\Z#/ $\'),,,150*5&+,)	\n\n\r))),)),)))))),))))))),))))))))1))*),0)*)))))))))),+\0\0;\"\0\0\0\0\0\0\0\0\0\0\0\0\0\0\0\0\0Q\0\r\0\0\0!1AQa\"q2BRS#3CTr$b4Dᄤ%cdt\0\0\0\0\0\0\0\0\0\0\0\0\0\0\0\0\0\0\0\0\0\0\0\0\0!1Aq\"\0\0\0?\0h((((+qA[Usj\0%#RAΓ#Ʈx8\rhI!2ahˎǮ.θL>q]7Oc(?~*^n@MGUѺh\n355K\\r5-Vېr<}jm!ygޙ\'kDv9MUv\\[{?ZU8]Ezogk;\0o<Vئ-ޫS3ޛrXϙJɼW,?u&mٲ֭bK<|՘w<l8ɱ_\'է\"mKʸ)Els<i:TJ; PZ\0j)vtrٛ#jׁ@@ W4uݽkƫy^Rp{D#<x>jUEQ@QEQ@QEQ@QEQ@QEWبn)g6v2b3o|#+$L,lpndw̏ψ\"F˃g[Ӊsy\0\0bL;RK!Ʃ$n8\0\0\0}Pp5ڻύBvcǀ&{C{|iyQ!7s7;KSm#ۈ9OEͤGc\\\0ao6Dm}R{YGUf5I-#\n]XD/{\0LTzٜ_lKҿH[\')kI+U-]wl!;|*).%*uϝr=9B[H4cҤAͩ|rGP8=ǚAǪm.KPI\0LA.=aǓɩW,gOFS9tY:ʺB0Ϩijځ.(E]GEZm.e9AV\"((((((()i\08ˬuL<iŹW/v[l ?Ƃnp{oR]a1\\mpu sђ9QYƐNxGm41{\"IYo\n,0 F6=\0j6]n۬븗w9	r@$cQހIIk&[?q͸pNHO1W	7s9|ׄmč^Y?)F\rMl?\n_2{O\0@f2Dhfί9*$ᖵ<\"?\02#Idͽ\0GSaӷdÇ`rctm ~ۃ:]yMa4wVJb==<筑YjBIvǒ1\Z@\Z68d\07c:\\nEuGUlȕ\r\'s7}MD*A{#oi2٪ИP`H*oLH`y\n(URYyaU6t$\rtE4thEcd<==XmIo床H&jt+:thQټwbۭV]D#\ZA`Om:nZ\01h:3-e_c#.N!U\\Ѧ0cyCb\\|s]\09F+B{EPQEEPQEEP8HWcj 2]AN9<yvPN\r~r|ȹo0&%8O@f]#@]1uQpYd0{FyG#J}e;v֡*Y<ثQRo6T3z;J}xp:Y<dV5bP8!qǏȱCq9W10SReJH=ȷh}BשVc.{?~>\Z\0vlĊKw㕒joJ}LĤd>%0[_%\0_SVCz5U<v̞ztdmM,\r,IWqX,{-qӤXޭvl=uNGrg24SNߔpPjȧϩ|MO?>8}dEvcBGPm;ǒr4EE\ZMLc諀$\0ȧ\'I4чm?M1+#ԢfۦbX4n.\'QQ&0Z-nd2xxָ7Sk\\I	T\r$y\\1ÈaS%+Lhƣr«m,1d J,wb[C)R[^yɏf؄\'Or^	!|bO2*6|*]ږOhI\0(@xjVcxFȏjʈHl|JF]ܧY$e$sU9t|=)z\0<T`y{ J[9D\'Jd\'i\0isSW/2\namqpe|a`GFjA-ͮO\'B8\ZI56<J<Hر`x-P:Ke4{yM\\VKIJ\0Ham|o8>ƪbkb9PtVNYYɆ`G:5ip<xUffa3y]1v܍fo>4yq?QEYQEEPQE{v2/XN9a1㩅Wq-qF$Dť TNy§ںi\n 8\0x*۱n\\%\0ymoq@)`9Q=\r-K&Qjq9ÏVJU2`1?O#R7\"apt]+\nuuow3?4LYc\"@f\09߽_z\0\r0퉼>۶Kc;:	dր$\nXe|P0Fvlŭ`*~G:ZezM!c+M<e3χts mah2}\0uJFƆEiotB.@D<;{)A$q*8l\0ypJ-ČH72CpqƵ|sSwVD=2\0x8vF#D̮(:g b>ć{3H]6K!f,>brKOtI>\'5|\'{0m?jl2(8cE6/W;Y<1%ހrٖ\0/Gt;Z#Ul5W	$Xae%\r 3\\A65Ǹ\0G?eIc\nu+\0=cpR5dm8\n2#xOA2ܭZu1jXuȬ5c\' 9<oѧooI8ǔ9<xe\\Pȭ?U$SJTƛ6]4$%&tmXըu`qι|n3eok{Rn쏨uPf AU^Lr\Z8՜Tz[Sڻ)FKbxP	4P``H8\'6\0HV\0KTcLXNpxqn͘n]Yh=\"Qk|*7zM?v5fo\'I1*M`[+(`^	Pf@8ݏ%iGpP\ręv(g#\0v?ç	kr[>72IDQV\"j#R}vCG+~o#<R[[q-,%l>~cE܋j5+Y#&rz|6IwO>qT⏲ov{j&$x,hژ_\\v[\01$kN9>.&=YқOkL+dR@kUI.Y4N\'H\';{j*?oAv\0xyX]I<]`zv&Qd<?vJ=+ZsEQ@QExM{XDvɚIL_\\(G.LNJU$%[@qXWW{;sdMj-IT˝:\0F{իqR) |.5flYF9&FA!<F<\07{:Tq\ZLJ/PVA<sΧ2쨾/tc1|ٞs\"ʏ۔ZnOʓ.{(/ևO4uDjOXH?)\0J%8j/ZQ\Za-9\0(:5p>϶h,S&]A۱my$q\'wV?Oև/?MLiz)K{h/z+\08S\\ؖ{a\"y,j8$-@v\0ϧ5{L<c]޵<:}Ƣʓ\Zϴ<Ic\\|*>%fS]_I{>OV_GEge{$AQn\\i4:xd¾eo\ZbOS=ò6msyRc> nZI݋;fc͙I>$}\r#_sAϘ~--q̋lps<;xSH:#܃hldwqM1\"\'@+RWSn̊GR_(+MDdkYֲ+wm6;ΦWWQKE~9t;eK,=Akӱi\nVZSRŭ~\'&\ZSFlsyo9J|#Q9[ٵ}q?d_#\n=Vs<a)%JE&ls\0smϩn:5{ubŁEUAEPQEX*ʵ>TֽjRUhвR7QA9U[_TydcLIjq[d\\#Ⱦׯ/Q>؆jx$s&\norԹ\0g_\0̤9mjCyPDcĂ7ϲ:BKAJJq*.Z6NCzM÷ ?Ƥ#mq4yn,VƲ)9#Ê:l0\0?^?_ׇw\'~*jQz%xv?ĤW\"T?8S~:~?\'?Oէ^2kLc4b|\0qQ)I܁#=SHdr\0^  (\n!W>,i1cDm<B2~:S6DcxX$L\Z[;Nv\0K/Sޕ6BX]0I1+y<9=B|SNjsºr9jJKi88)VoóY#11IvA$:bVrI\'H$\ndۛL#sRΏvKb-VgS͏1`\n6VmH9Ƣ19u҇سAe.0*1N1\'M&6\\vVkp2%Č@n$Ypya{Ȏ2>K~</E0Ӷ$ܺOk#J0ǯDh=RHTז|i?RW׫RS&XpٔCP-kȻ-!\0ݭmtD>t\0CIT#}D>B~\Zך8|{Np6/S 94)u7φ\'N59d3멮A̱\"\"HNb7\08\r!=h\"6D<2ɐ{_\nH#Gy*GTX\\cwVm+2,p8\0d#]=̍%R9iHRBTNh((7e;ky}4QuԿ2~s-UxNX6Y<\rGNJ\\9yilK\'` >){˷f@fZvwWkP:~\\Ws)[=|?E%F|(7>oIF|(7\0Woӟ\n>:\0Al~ךPoبd>Xx6>4PmGk7`eCvRzFME@~Q#̹kOWׂA]݌nc˒#֫|xf]VIh	\0dy2\"+gqƧ;z[;Hn-[&p[\nC =¤{c~k+\Z27Sx}#<5F0s⢧$b6LF6DHZ<UˆE\0sqAA 8W{ʫ\0T\09ỪQu,BukLF,I1KmIVU)a\Z. 	\',O+\\lW\\,N5dQ=}_iN\\*O54`!CfDDy­klM(^\ZJrGJz(9AFs[xR5FC8`@40O\'o^/v/whi(5s֦R;\r[[V:lbF	!9UW{˽S_2\0QP48*M@\Z%sT᪪:/,C\08\nѪ\'2=X{\"iMlݺ4Ll2|ENB\0h\'aUAEPQEEPݷzyc?G_}XPqpT89Se㚱gsk|eUW9p{ĆǺj\r4QEPQEc=V4g>\0}amn;~MTۤ#jU\0.^ȄGQ)\0PWCiSюnHF_~s2~\ZnwW@K^6c8ǾBx)6RzUb^cم70<A\n[$gau-FLQR\\0T+mH2Tc=dPlniVG@zZ2Nx T1w-\rʹ\Z)9_Wg]\'bYY!ErmcDHe<RUn睋+wrm\0fYgvX8\n\n9EISyvw-,kJ4#bX\0%@S08U>nWn(e@|v\ZY.ΑH\"\'X`FW\"Xp1<x_1[ġ-HY{U-ĊgLef#8W5Щ\0ۡRѧayU>.|ث60uP蠮p١D1;U8ތ1bE#H?\r^ghn̬Xb0%{MPGp좞v28%EVYb|o5Jl=lSd̫nƦ˺6]U)i>TQEEPQEEP0Ŵ-	GXcR8H$v.o~\\JNI>D	A\04gVDVVUe>px\Z&ݚN}1\nz&ٟCoRmIvG#\\|iѰQTYC[bE.e? Pgv%U#P$OkOy_gL\0+/!n^>@(z{Y~}X\0{};I=\'x`Om4kN4z6V?юR?<;In`*.0A\Z\rّpm/]& <G=l\0cﾼ6⨮P;wTϢ紂\\^ɧf\rL@88߃ogUtM*?Hݳ6MTa.\"HKr>Tcg)\0jz@}aW-AN2856)>u~Oz\nÐ=v5@[H*=U)Y>)faaNS\0eqq\n*U\0q\0HC,S;%*RCE+OMKly/IRzU\rm@F4KOW9ѵwIXĖB1x;+:^GuT/R?\rMz2[3C,)JuqNOq3ۊ>wVKD袀(\n(',NULL,NULL,NULL);
/*!40000 ALTER TABLE `modelo_vehiculos` ENABLE KEYS */;
UNLOCK TABLES;

--
-- Table structure for table `noticias`
--

DROP TABLE IF EXISTS `noticias`;
/*!40101 SET @saved_cs_client     = @@character_set_client */;
/*!40101 SET character_set_client = utf8 */;
CREATE TABLE `noticias` (
  `id` int(11) NOT NULL AUTO_INCREMENT,
  `imagen` longblob,
  `detalles` text,
  `titulo` varchar(100) DEFAULT NULL,
  `fecha` date DEFAULT NULL,
  `usuarios_id` varchar(20) NOT NULL,
  PRIMARY KEY (`id`),
  KEY `fk_noticias_usuarios1_idx` (`usuarios_id`)
) ENGINE=InnoDB DEFAULT CHARSET=utf8;
/*!40101 SET character_set_client = @saved_cs_client */;

--
-- Dumping data for table `noticias`
--

LOCK TABLES `noticias` WRITE;
/*!40000 ALTER TABLE `noticias` DISABLE KEYS */;
/*!40000 ALTER TABLE `noticias` ENABLE KEYS */;
UNLOCK TABLES;

--
-- Table structure for table `pedido_concesionarios`
--

DROP TABLE IF EXISTS `pedido_concesionarios`;
/*!40101 SET @saved_cs_client     = @@character_set_client */;
/*!40101 SET character_set_client = utf8 */;
CREATE TABLE `pedido_concesionarios` (
  `id` int(11) NOT NULL AUTO_INCREMENT,
  `concesionario_vehiculos_id` int(11) NOT NULL,
  `modelo_vehiculos_id` int(11) NOT NULL,
  `fecha` datetime DEFAULT NULL,
  `cantidad` varchar(45) DEFAULT NULL,
  `estado` varchar(45) DEFAULT NULL,
  `ensambladora_vehiculos_id` int(11) NOT NULL,
  PRIMARY KEY (`id`),
  KEY `fk_pedido_concesionario_modelo_vehiculos1_idx` (`modelo_vehiculos_id`),
  KEY `fk_pedido_concesionario_ensambladora_vehiculos1_idx` (`ensambladora_vehiculos_id`)
) ENGINE=InnoDB DEFAULT CHARSET=utf8;
/*!40101 SET character_set_client = @saved_cs_client */;

--
-- Dumping data for table `pedido_concesionarios`
--

LOCK TABLES `pedido_concesionarios` WRITE;
/*!40000 ALTER TABLE `pedido_concesionarios` DISABLE KEYS */;
/*!40000 ALTER TABLE `pedido_concesionarios` ENABLE KEYS */;
UNLOCK TABLES;

--
-- Table structure for table `plan_servicios`
--

DROP TABLE IF EXISTS `plan_servicios`;
/*!40101 SET @saved_cs_client     = @@character_set_client */;
/*!40101 SET character_set_client = utf8 */;
CREATE TABLE `plan_servicios` (
  `id` int(11) NOT NULL AUTO_INCREMENT,
  `descripcion` varchar(45) DEFAULT NULL,
  `costo` float DEFAULT NULL,
  `servicios_id` int(11) NOT NULL,
  PRIMARY KEY (`id`),
  KEY `fk_plan_servicios_servicios1_idx` (`servicios_id`)
) ENGINE=InnoDB DEFAULT CHARSET=utf8;
/*!40101 SET character_set_client = @saved_cs_client */;

--
-- Dumping data for table `plan_servicios`
--

LOCK TABLES `plan_servicios` WRITE;
/*!40000 ALTER TABLE `plan_servicios` DISABLE KEYS */;
/*!40000 ALTER TABLE `plan_servicios` ENABLE KEYS */;
UNLOCK TABLES;

--
-- Table structure for table `proformas`
--

DROP TABLE IF EXISTS `proformas`;
/*!40101 SET @saved_cs_client     = @@character_set_client */;
/*!40101 SET character_set_client = utf8 */;
CREATE TABLE `proformas` (
  `id` int(11) NOT NULL AUTO_INCREMENT,
  `fecha` datetime DEFAULT NULL,
  `validez` datetime DEFAULT NULL,
  `estatus` varchar(45) DEFAULT NULL,
  `bancos_id` int(11) NOT NULL,
  `comprador_vehiculos_id` int(11) NOT NULL,
  `concesionario_vehiculos_id` int(11) NOT NULL,
  `vendedor_vehiculos_id` int(11) DEFAULT NULL,
  `detalle_vehiculos_id` int(11) NOT NULL,
  PRIMARY KEY (`id`),
  KEY `fk_proformas_bancos1_idx` (`bancos_id`),
  KEY `fk_proformas_comprador_vehiculos1_idx` (`comprador_vehiculos_id`),
  KEY `fk_proformas_concesionario_vehiculos1_idx` (`concesionario_vehiculos_id`),
  KEY `fk_proformas_vendedor_vehiculos1_idx` (`vendedor_vehiculos_id`),
  KEY `fk_proformas_detalle_vehiculos1_idx` (`detalle_vehiculos_id`)
) ENGINE=InnoDB DEFAULT CHARSET=utf8;
/*!40101 SET character_set_client = @saved_cs_client */;

--
-- Dumping data for table `proformas`
--

LOCK TABLES `proformas` WRITE;
/*!40000 ALTER TABLE `proformas` DISABLE KEYS */;
/*!40000 ALTER TABLE `proformas` ENABLE KEYS */;
UNLOCK TABLES;

--
-- Table structure for table `rols`
--

DROP TABLE IF EXISTS `rols`;
/*!40101 SET @saved_cs_client     = @@character_set_client */;
/*!40101 SET character_set_client = utf8 */;
CREATE TABLE `rols` (
  `id` int(11) NOT NULL AUTO_INCREMENT,
  `nombre` varchar(20) DEFAULT NULL,
  `estatus` varchar(20) DEFAULT NULL,
  PRIMARY KEY (`id`)
) ENGINE=InnoDB AUTO_INCREMENT=5 DEFAULT CHARSET=utf8;
/*!40101 SET character_set_client = @saved_cs_client */;

--
-- Dumping data for table `rols`
--

LOCK TABLES `rols` WRITE;
/*!40000 ALTER TABLE `rols` DISABLE KEYS */;
INSERT INTO `rols` VALUES (1,'Comprador','a'),(2,'Concesionario','a'),(3,'Ensambladora','a'),(4,'Gobierno','a');
/*!40000 ALTER TABLE `rols` ENABLE KEYS */;
UNLOCK TABLES;

--
-- Table structure for table `servicios`
--

DROP TABLE IF EXISTS `servicios`;
/*!40101 SET @saved_cs_client     = @@character_set_client */;
/*!40101 SET character_set_client = utf8 */;
CREATE TABLE `servicios` (
  `id` int(11) NOT NULL AUTO_INCREMENT,
  `descripcion` varchar(45) DEFAULT NULL,
  `costo` float DEFAULT NULL,
  `estatus` varchar(45) DEFAULT NULL,
  `concesionario_vehiculos_id` int(11) NOT NULL,
  PRIMARY KEY (`id`),
  KEY `fk_servicios_concesionario_vehiculos1_idx` (`concesionario_vehiculos_id`)
) ENGINE=InnoDB DEFAULT CHARSET=utf8;
/*!40101 SET character_set_client = @saved_cs_client */;

--
-- Dumping data for table `servicios`
--

LOCK TABLES `servicios` WRITE;
/*!40000 ALTER TABLE `servicios` DISABLE KEYS */;
/*!40000 ALTER TABLE `servicios` ENABLE KEYS */;
UNLOCK TABLES;

--
-- Table structure for table `solicitud_vehiculos`
--

DROP TABLE IF EXISTS `solicitud_vehiculos`;
/*!40101 SET @saved_cs_client     = @@character_set_client */;
/*!40101 SET character_set_client = utf8 */;
CREATE TABLE `solicitud_vehiculos` (
  `id` int(11) NOT NULL AUTO_INCREMENT,
  `proformas_id` int(11) NOT NULL,
  `ensambladora_vehiculos_id` int(11) NOT NULL,
  `estatus` varchar(45) DEFAULT NULL,
  PRIMARY KEY (`id`),
  KEY `fk_solicitud_vehiculos_proformas1_idx` (`proformas_id`),
  KEY `fk_solicitud_vehiculos_ensambladora_vehiculos1_idx` (`ensambladora_vehiculos_id`)
) ENGINE=InnoDB DEFAULT CHARSET=utf8;
/*!40101 SET character_set_client = @saved_cs_client */;

--
-- Dumping data for table `solicitud_vehiculos`
--

LOCK TABLES `solicitud_vehiculos` WRITE;
/*!40000 ALTER TABLE `solicitud_vehiculos` DISABLE KEYS */;
/*!40000 ALTER TABLE `solicitud_vehiculos` ENABLE KEYS */;
UNLOCK TABLES;

--
-- Table structure for table `tipo_accesorios`
--

DROP TABLE IF EXISTS `tipo_accesorios`;
/*!40101 SET @saved_cs_client     = @@character_set_client */;
/*!40101 SET character_set_client = utf8 */;
CREATE TABLE `tipo_accesorios` (
  `id` int(11) NOT NULL AUTO_INCREMENT,
  `nombre` varchar(45) NOT NULL,
  PRIMARY KEY (`id`)
) ENGINE=InnoDB DEFAULT CHARSET=utf8;
/*!40101 SET character_set_client = @saved_cs_client */;

--
-- Dumping data for table `tipo_accesorios`
--

LOCK TABLES `tipo_accesorios` WRITE;
/*!40000 ALTER TABLE `tipo_accesorios` DISABLE KEYS */;
/*!40000 ALTER TABLE `tipo_accesorios` ENABLE KEYS */;
UNLOCK TABLES;

--
-- Table structure for table `tipo_vehiculos`
--

DROP TABLE IF EXISTS `tipo_vehiculos`;
/*!40101 SET @saved_cs_client     = @@character_set_client */;
/*!40101 SET character_set_client = utf8 */;
CREATE TABLE `tipo_vehiculos` (
  `id` int(11) NOT NULL AUTO_INCREMENT,
  `nombre` varchar(45) DEFAULT NULL,
  PRIMARY KEY (`id`)
) ENGINE=InnoDB AUTO_INCREMENT=4 DEFAULT CHARSET=utf8;
/*!40101 SET character_set_client = @saved_cs_client */;

--
-- Dumping data for table `tipo_vehiculos`
--

LOCK TABLES `tipo_vehiculos` WRITE;
/*!40000 ALTER TABLE `tipo_vehiculos` DISABLE KEYS */;
INSERT INTO `tipo_vehiculos` VALUES (1,'Camioneta'),(2,'Camion'),(3,'Carro');
/*!40000 ALTER TABLE `tipo_vehiculos` ENABLE KEYS */;
UNLOCK TABLES;

--
-- Table structure for table `unidads`
--

DROP TABLE IF EXISTS `unidads`;
/*!40101 SET @saved_cs_client     = @@character_set_client */;
/*!40101 SET character_set_client = utf8 */;
CREATE TABLE `unidads` (
  `id` int(11) NOT NULL,
  `nombre` varchar(45) DEFAULT NULL,
  PRIMARY KEY (`id`)
) ENGINE=InnoDB DEFAULT CHARSET=utf8;
/*!40101 SET character_set_client = @saved_cs_client */;

--
-- Dumping data for table `unidads`
--

LOCK TABLES `unidads` WRITE;
/*!40000 ALTER TABLE `unidads` DISABLE KEYS */;
INSERT INTO `unidads` VALUES (1,'Cantidad'),(2,'Bolivares');
/*!40000 ALTER TABLE `unidads` ENABLE KEYS */;
UNLOCK TABLES;

--
-- Table structure for table `usuarios`
--

DROP TABLE IF EXISTS `usuarios`;
/*!40101 SET @saved_cs_client     = @@character_set_client */;
/*!40101 SET character_set_client = utf8 */;
CREATE TABLE `usuarios` (
  `id` int(11) NOT NULL AUTO_INCREMENT,
  `nombre` varchar(45) NOT NULL,
  `password` varchar(45) NOT NULL,
  `estatus` varchar(45) NOT NULL,
  `imagen` longblob,
  `imagen1` char(100) DEFAULT NULL,
  `rols_id` int(11) NOT NULL,
  PRIMARY KEY (`id`),
  UNIQUE KEY `nombre` (`nombre`),
  KEY `fk_usuarios_rol1_idx` (`rols_id`)
) ENGINE=InnoDB AUTO_INCREMENT=11 DEFAULT CHARSET=utf8;
/*!40101 SET character_set_client = @saved_cs_client */;

--
-- Dumping data for table `usuarios`
--

LOCK TABLES `usuarios` WRITE;
/*!40000 ALTER TABLE `usuarios` DISABLE KEYS */;
INSERT INTO `usuarios` VALUES (1,'AdrianaS','1234','a',NULL,NULL,1),(2,'Fernando','1234','a',NULL,NULL,4),(3,'Jose','1234','a',NULL,NULL,2),(4,'Maria','1234','a',NULL,NULL,3),(5,'adriana','1234','a',NULL,NULL,2),(6,'ConcesionarioToyota_Pedro','1234','a',NULL,NULL,2),(9,'concesionarioDaewood_Jose','1234','a',NULL,NULL,2),(10,'Ensambladorachevrolet_Pedro','1234','a',NULL,NULL,3);
/*!40000 ALTER TABLE `usuarios` ENABLE KEYS */;
UNLOCK TABLES;

--
-- Table structure for table `usuarios_indicadors`
--

DROP TABLE IF EXISTS `usuarios_indicadors`;
/*!40101 SET @saved_cs_client     = @@character_set_client */;
/*!40101 SET character_set_client = utf8 */;
CREATE TABLE `usuarios_indicadors` (
  `usuarios_id` int(11) NOT NULL,
  `indicadors_id` int(10) NOT NULL,
  `valor_meta` int(10) DEFAULT NULL,
  `unidads_id` int(11) NOT NULL,
  `fecha_meta` date DEFAULT NULL,
  `valor_amarillo` int(10) DEFAULT NULL,
  `valor_rojo` int(10) DEFAULT NULL,
  `valor_verde` int(10) DEFAULT NULL,
  `fecha_amarillo` date DEFAULT NULL,
  `fecha_rojo` date DEFAULT NULL,
  `fecha_verde` date DEFAULT NULL,
  `estados_indicadors_id` int(11) NOT NULL,
  `responsable` varchar(100) DEFAULT NULL,
  `correo_responsable` varchar(45) DEFAULT NULL,
  `telefono` varchar(45) DEFAULT NULL,
  `frecuencia_notificacions_id` int(11) NOT NULL,
  PRIMARY KEY (`usuarios_id`,`indicadors_id`),
  KEY `fk_usuarios_has_indicador_indicador1_idx` (`indicadors_id`),
  KEY `fk_usuarios_has_indicador_usuarios1_idx` (`usuarios_id`),
  KEY `fk_usuarios_indicador_unidad1_idx` (`unidads_id`),
  KEY `fk_usuarios_indicador_estados1_idx` (`estados_indicadors_id`),
  KEY `fk_usuarios_indicador_frecuencia_notificacion1_idx` (`frecuencia_notificacions_id`)
) ENGINE=InnoDB DEFAULT CHARSET=utf8;
/*!40101 SET character_set_client = @saved_cs_client */;

--
-- Dumping data for table `usuarios_indicadors`
--

LOCK TABLES `usuarios_indicadors` WRITE;
/*!40000 ALTER TABLE `usuarios_indicadors` DISABLE KEYS */;
/*!40000 ALTER TABLE `usuarios_indicadors` ENABLE KEYS */;
UNLOCK TABLES;

--
-- Table structure for table `vehiculo_accesorios`
--

DROP TABLE IF EXISTS `vehiculo_accesorios`;
/*!40101 SET @saved_cs_client     = @@character_set_client */;
/*!40101 SET character_set_client = utf8 */;
CREATE TABLE `vehiculo_accesorios` (
  `id` int(11) NOT NULL AUTO_INCREMENT,
  `vehiculos_id` int(11) NOT NULL,
  `accesorios_id` int(11) NOT NULL,
  PRIMARY KEY (`id`),
  KEY `fk_vehiculo_accesorios_idx` (`vehiculos_id`),
  KEY `fk_vehiculo_accesorios_accesorios1_idx` (`accesorios_id`)
) ENGINE=InnoDB DEFAULT CHARSET=utf8;
/*!40101 SET character_set_client = @saved_cs_client */;

--
-- Dumping data for table `vehiculo_accesorios`
--

LOCK TABLES `vehiculo_accesorios` WRITE;
/*!40000 ALTER TABLE `vehiculo_accesorios` DISABLE KEYS */;
/*!40000 ALTER TABLE `vehiculo_accesorios` ENABLE KEYS */;
UNLOCK TABLES;

--
-- Table structure for table `vehiculos`
--

DROP TABLE IF EXISTS `vehiculos`;
/*!40101 SET @saved_cs_client     = @@character_set_client */;
/*!40101 SET character_set_client = utf8 */;
CREATE TABLE `vehiculos` (
  `id` int(11) NOT NULL AUTO_INCREMENT,
  `matricula` varchar(45) DEFAULT NULL,
  `ano_fabricacion` varchar(45) DEFAULT NULL,
  `precio_venta` float DEFAULT NULL,
  `serial_motor` varchar(45) DEFAULT NULL,
  `estatus` varchar(45) DEFAULT NULL,
  `imagen` longblob,
  `imagen1` char(100) DEFAULT NULL,
  `concesionario_vehiculos_id` int(11) NOT NULL,
  `modelo_vehiculos_id` int(11) NOT NULL,
  PRIMARY KEY (`id`),
  KEY `fk_vehiculos_concesionario_vehiculos1_idx` (`concesionario_vehiculos_id`),
  KEY `fk_vehiculos_modelo_vehiculos1_idx` (`modelo_vehiculos_id`)
) ENGINE=InnoDB DEFAULT CHARSET=utf8;
/*!40101 SET character_set_client = @saved_cs_client */;

--
-- Dumping data for table `vehiculos`
--

LOCK TABLES `vehiculos` WRITE;
/*!40000 ALTER TABLE `vehiculos` DISABLE KEYS */;
/*!40000 ALTER TABLE `vehiculos` ENABLE KEYS */;
UNLOCK TABLES;

--
-- Table structure for table `vendedor_vehiculos`
--

DROP TABLE IF EXISTS `vendedor_vehiculos`;
/*!40101 SET @saved_cs_client     = @@character_set_client */;
/*!40101 SET character_set_client = utf8 */;
CREATE TABLE `vendedor_vehiculos` (
  `id` int(11) NOT NULL AUTO_INCREMENT,
  `concesionario_vehiculos_id` int(11) NOT NULL,
  `nombre` varchar(45) DEFAULT NULL,
  `apellidos` varchar(45) DEFAULT NULL,
  `cedula` varchar(45) DEFAULT NULL,
  `ciudads_id_ciudad` int(11) NOT NULL,
  `telefono` varchar(45) DEFAULT NULL,
  `direccion` varchar(45) DEFAULT NULL,
  `correo` int(11) DEFAULT NULL,
  `usuarios_id` int(11) NOT NULL,
  PRIMARY KEY (`id`),
  KEY `fk_vendedor_vehiculos_concesionario_vehiculos2_idx` (`concesionario_vehiculos_id`),
  KEY `fk_vendedor_vehiculos_ciudad1_idx` (`ciudads_id_ciudad`),
  KEY `fk_vendedor_vehiculos_usuarios1_idx` (`usuarios_id`)
) ENGINE=InnoDB DEFAULT CHARSET=utf8;
/*!40101 SET character_set_client = @saved_cs_client */;

--
-- Dumping data for table `vendedor_vehiculos`
--

LOCK TABLES `vendedor_vehiculos` WRITE;
/*!40000 ALTER TABLE `vendedor_vehiculos` DISABLE KEYS */;
/*!40000 ALTER TABLE `vendedor_vehiculos` ENABLE KEYS */;
UNLOCK TABLES;
/*!40103 SET TIME_ZONE=@OLD_TIME_ZONE */;

/*!40101 SET SQL_MODE=@OLD_SQL_MODE */;
/*!40014 SET FOREIGN_KEY_CHECKS=@OLD_FOREIGN_KEY_CHECKS */;
/*!40014 SET UNIQUE_CHECKS=@OLD_UNIQUE_CHECKS */;
/*!40101 SET CHARACTER_SET_CLIENT=@OLD_CHARACTER_SET_CLIENT */;
/*!40101 SET CHARACTER_SET_RESULTS=@OLD_CHARACTER_SET_RESULTS */;
/*!40101 SET COLLATION_CONNECTION=@OLD_COLLATION_CONNECTION */;
/*!40111 SET SQL_NOTES=@OLD_SQL_NOTES */;

-- Dump completed on 2013-03-29 12:24:20
